{
	"formatVersion": 1,
	"appVersion": "0.50.3",
	"files": [
		{
			"isClone": false,
			"noteId": "dZ78T3bBUqM7",
			"notePath": [
				"dZ78T3bBUqM7"
			],
			"title": "Cybersecurity",
			"notePosition": 30,
			"prefix": null,
			"isExpanded": true,
			"type": "text",
			"mime": "text/html",
			"attributes": [],
			"format": "markdown",
			"dirFileName": "Cybersecurity",
			"children": [
				{
					"isClone": false,
					"noteId": "TrAsiSqRwF70",
					"notePath": [
						"dZ78T3bBUqM7",
						"TrAsiSqRwF70"
					],
					"title": "Penetration Testing",
					"notePosition": 10,
					"prefix": "",
					"isExpanded": true,
					"type": "text",
					"mime": "text/html",
					"attributes": [],
					"format": "markdown",
					"dirFileName": "Penetration Testing",
					"children": [
						{
							"isClone": false,
							"noteId": "fR0tmWs0SWsQ",
							"notePath": [
								"dZ78T3bBUqM7",
								"TrAsiSqRwF70",
								"fR0tmWs0SWsQ"
							],
							"title": "Staging",
							"notePosition": 110,
							"prefix": "",
							"isExpanded": true,
							"type": "code",
							"mime": "text/x-markdown",
							"attributes": [],
							"dirFileName": "Staging",
							"children": [
								{
									"isClone": false,
									"noteId": "wZrm6NrzMZjB",
									"notePath": [
										"dZ78T3bBUqM7",
										"TrAsiSqRwF70",
										"fR0tmWs0SWsQ",
										"wZrm6NrzMZjB"
									],
									"title": "Local",
									"notePosition": 30,
									"prefix": "",
									"isExpanded": false,
									"type": "code",
									"mime": "text/x-markdown",
									"attributes": [],
									"dataFileName": "Local.mkd"
								},
								{
									"isClone": false,
									"noteId": "SoSrDz90PgiE",
									"notePath": [
										"dZ78T3bBUqM7",
										"TrAsiSqRwF70",
										"fR0tmWs0SWsQ",
										"SoSrDz90PgiE"
									],
									"title": "Digital Ocean",
									"notePosition": 20,
									"prefix": "",
									"isExpanded": false,
									"type": "code",
									"mime": "text/x-markdown",
									"attributes": [],
									"dataFileName": "Digital Ocean.mkd"
								},
								{
									"isClone": false,
									"noteId": "qiVA7kqSxbOU",
									"notePath": [
										"dZ78T3bBUqM7",
										"TrAsiSqRwF70",
										"fR0tmWs0SWsQ",
										"qiVA7kqSxbOU"
									],
									"title": "AWS",
									"notePosition": 10,
									"prefix": "",
									"isExpanded": false,
									"type": "code",
									"mime": "text/x-markdown",
									"attributes": [],
									"dataFileName": "AWS.mkd"
								},
								{
									"isClone": false,
									"noteId": "aKdbDiX5Drte",
									"notePath": [
										"dZ78T3bBUqM7",
										"TrAsiSqRwF70",
										"fR0tmWs0SWsQ",
										"aKdbDiX5Drte"
									],
									"title": "Using Terraform",
									"notePosition": 40,
									"prefix": "",
									"isExpanded": false,
									"type": "code",
									"mime": "text/x-markdown",
									"attributes": [],
									"dataFileName": "Using Terraform.mkd"
								}
							]
						},
						{
							"isClone": false,
							"noteId": "CA7b8W7idsWh",
							"notePath": [
								"dZ78T3bBUqM7",
								"TrAsiSqRwF70",
								"CA7b8W7idsWh"
							],
							"title": "Post Exploitation",
							"notePosition": 90,
							"prefix": "",
							"isExpanded": true,
							"type": "code",
							"mime": "text/x-markdown",
							"attributes": [],
							"dirFileName": "Post Exploitation",
							"children": [
								{
									"isClone": false,
									"noteId": "A8KkLrAxKu1D",
									"notePath": [
										"dZ78T3bBUqM7",
										"TrAsiSqRwF70",
										"CA7b8W7idsWh",
										"A8KkLrAxKu1D"
									],
									"title": "Privilege Escalation",
									"notePosition": 30,
									"prefix": "",
									"isExpanded": false,
									"type": "code",
									"mime": "text/x-markdown",
									"attributes": [],
									"dirFileName": "Privilege Escalation",
									"children": [
										{
											"isClone": false,
											"noteId": "mdLJKbaEtIJW",
											"notePath": [
												"dZ78T3bBUqM7",
												"TrAsiSqRwF70",
												"CA7b8W7idsWh",
												"A8KkLrAxKu1D",
												"mdLJKbaEtIJW"
											],
											"title": "AWS Checklist",
											"notePosition": 20,
											"prefix": "",
											"isExpanded": false,
											"type": "code",
											"mime": "text/x-markdown",
											"attributes": [],
											"dataFileName": "AWS Checklist.mkd"
										},
										{
											"isClone": false,
											"noteId": "baPj0bzPTRh2",
											"notePath": [
												"dZ78T3bBUqM7",
												"TrAsiSqRwF70",
												"CA7b8W7idsWh",
												"A8KkLrAxKu1D",
												"baPj0bzPTRh2"
											],
											"title": "Windows Checklist",
											"notePosition": 30,
											"prefix": "",
											"isExpanded": false,
											"type": "code",
											"mime": "text/x-markdown",
											"attributes": [],
											"dataFileName": "Windows Checklist.mkd"
										},
										{
											"isClone": false,
											"noteId": "dPrvtHuDfSbp",
											"notePath": [
												"dZ78T3bBUqM7",
												"TrAsiSqRwF70",
												"CA7b8W7idsWh",
												"A8KkLrAxKu1D",
												"dPrvtHuDfSbp"
											],
											"title": "Linux Checklist",
											"notePosition": 10,
											"prefix": "",
											"isExpanded": false,
											"type": "code",
											"mime": "text/x-markdown",
											"attributes": [],
											"dataFileName": "Linux Checklist.mkd"
										}
									]
								},
								{
									"isClone": false,
									"noteId": "UQfsoYokF8Fh",
									"notePath": [
										"dZ78T3bBUqM7",
										"TrAsiSqRwF70",
										"CA7b8W7idsWh",
										"UQfsoYokF8Fh"
									],
									"title": "Lateral Movement",
									"notePosition": 10,
									"prefix": "",
									"isExpanded": false,
									"type": "code",
									"mime": "text/x-markdown",
									"attributes": [],
									"dirFileName": "Lateral Movement",
									"children": [
										{
											"isClone": false,
											"noteId": "wXVR0ElPF5rH",
											"notePath": [
												"dZ78T3bBUqM7",
												"TrAsiSqRwF70",
												"CA7b8W7idsWh",
												"UQfsoYokF8Fh",
												"wXVR0ElPF5rH"
											],
											"title": "File Transfers",
											"notePosition": 10,
											"prefix": "",
											"isExpanded": false,
											"type": "code",
											"mime": "text/x-markdown",
											"attributes": [],
											"dataFileName": "File Transfers.mkd"
										},
										{
											"isClone": false,
											"noteId": "c4oeKNbDOAhg",
											"notePath": [
												"dZ78T3bBUqM7",
												"TrAsiSqRwF70",
												"CA7b8W7idsWh",
												"UQfsoYokF8Fh",
												"c4oeKNbDOAhg"
											],
											"title": "Process Snooping",
											"notePosition": 30,
											"prefix": "",
											"isExpanded": false,
											"type": "code",
											"mime": "text/x-markdown",
											"attributes": [],
											"dataFileName": "Process Snooping.mkd"
										},
										{
											"isClone": false,
											"noteId": "2i8DjII9Nt79",
											"notePath": [
												"dZ78T3bBUqM7",
												"TrAsiSqRwF70",
												"CA7b8W7idsWh",
												"UQfsoYokF8Fh",
												"2i8DjII9Nt79"
											],
											"title": "Passing-the-Hash",
											"notePosition": 20,
											"prefix": "",
											"isExpanded": false,
											"type": "code",
											"mime": "text/x-markdown",
											"attributes": [],
											"dataFileName": "Passing-the-Hash.mkd"
										}
									]
								},
								{
									"isClone": false,
									"noteId": "e5IGcFGIXLoW",
									"notePath": [
										"dZ78T3bBUqM7",
										"TrAsiSqRwF70",
										"CA7b8W7idsWh",
										"e5IGcFGIXLoW"
									],
									"title": "Persistence",
									"notePosition": 20,
									"prefix": "",
									"isExpanded": false,
									"type": "code",
									"mime": "text/x-markdown",
									"attributes": [],
									"dirFileName": "Persistence",
									"children": [
										{
											"isClone": false,
											"noteId": "KMn7gCKo2kJH",
											"notePath": [
												"dZ78T3bBUqM7",
												"TrAsiSqRwF70",
												"CA7b8W7idsWh",
												"e5IGcFGIXLoW",
												"KMn7gCKo2kJH"
											],
											"title": "Windows Persistence",
											"notePosition": 20,
											"prefix": "",
											"isExpanded": false,
											"type": "code",
											"mime": "text/x-markdown",
											"attributes": [],
											"dataFileName": "Windows Persistence.mkd"
										},
										{
											"isClone": false,
											"noteId": "t5M0TPqG1UeP",
											"notePath": [
												"dZ78T3bBUqM7",
												"TrAsiSqRwF70",
												"CA7b8W7idsWh",
												"e5IGcFGIXLoW",
												"t5M0TPqG1UeP"
											],
											"title": "Linux Persistence",
											"notePosition": 10,
											"prefix": "",
											"isExpanded": false,
											"type": "code",
											"mime": "text/x-markdown",
											"attributes": [],
											"dataFileName": "Linux Persistence.mkd"
										}
									]
								},
								{
									"isClone": false,
									"noteId": "65PTTwhVeWhL",
									"notePath": [
										"dZ78T3bBUqM7",
										"TrAsiSqRwF70",
										"CA7b8W7idsWh",
										"65PTTwhVeWhL"
									],
									"title": "Network Pivoting",
									"notePosition": 40,
									"prefix": "",
									"isExpanded": false,
									"type": "code",
									"mime": "text/x-markdown",
									"attributes": [],
									"dirFileName": "Network Pivoting",
									"children": [
										{
											"isClone": false,
											"noteId": "GV10oe3HSmFU",
											"notePath": [
												"dZ78T3bBUqM7",
												"TrAsiSqRwF70",
												"CA7b8W7idsWh",
												"65PTTwhVeWhL",
												"GV10oe3HSmFU"
											],
											"title": "Pivoting",
											"notePosition": 10,
											"prefix": null,
											"isExpanded": false,
											"type": "code",
											"mime": "text/x-markdown",
											"attributes": [],
											"dataFileName": "Pivoting.mkd"
										},
										{
											"isClone": false,
											"noteId": "d25F8sXsTIJl",
											"notePath": [
												"dZ78T3bBUqM7",
												"TrAsiSqRwF70",
												"CA7b8W7idsWh",
												"65PTTwhVeWhL",
												"d25F8sXsTIJl"
											],
											"title": "ICMP Tunneling",
											"notePosition": 20,
											"prefix": null,
											"isExpanded": false,
											"type": "code",
											"mime": "text/x-markdown",
											"attributes": [],
											"dataFileName": "ICMP Tunneling.mkd"
										},
										{
											"isClone": false,
											"noteId": "PWo52jgpXp5l",
											"notePath": [
												"dZ78T3bBUqM7",
												"TrAsiSqRwF70",
												"CA7b8W7idsWh",
												"65PTTwhVeWhL",
												"PWo52jgpXp5l"
											],
											"title": "DNS Tunneling",
											"notePosition": 30,
											"prefix": null,
											"isExpanded": false,
											"type": "code",
											"mime": "text/x-markdown",
											"attributes": [],
											"dataFileName": "DNS Tunneling.mkd"
										},
										{
											"isClone": false,
											"noteId": "o4crFN6VfejB",
											"notePath": [
												"dZ78T3bBUqM7",
												"TrAsiSqRwF70",
												"CA7b8W7idsWh",
												"65PTTwhVeWhL",
												"o4crFN6VfejB"
											],
											"title": "HTTP Tunneling",
											"notePosition": 40,
											"prefix": null,
											"isExpanded": false,
											"type": "code",
											"mime": "text/x-markdown",
											"attributes": [],
											"dataFileName": "HTTP Tunneling.mkd"
										}
									]
								}
							]
						},
						{
							"isClone": false,
							"noteId": "PQV292F7F1Ck",
							"notePath": [
								"dZ78T3bBUqM7",
								"TrAsiSqRwF70",
								"PQV292F7F1Ck"
							],
							"title": "Exploitation",
							"notePosition": 50,
							"prefix": "",
							"isExpanded": true,
							"type": "code",
							"mime": "text/x-markdown",
							"attributes": [],
							"dirFileName": "Exploitation",
							"children": [
								{
									"isClone": false,
									"noteId": "Rl5rSu6NEBF1",
									"notePath": [
										"dZ78T3bBUqM7",
										"TrAsiSqRwF70",
										"PQV292F7F1Ck",
										"Rl5rSu6NEBF1"
									],
									"title": "Database Attacks",
									"notePosition": 20,
									"prefix": "",
									"isExpanded": false,
									"type": "code",
									"mime": "text/x-markdown",
									"attributes": [],
									"dirFileName": "Database Attacks",
									"children": [
										{
											"isClone": false,
											"noteId": "PEXAoF7OzQsx",
											"notePath": [
												"dZ78T3bBUqM7",
												"TrAsiSqRwF70",
												"PQV292F7F1Ck",
												"Rl5rSu6NEBF1",
												"PEXAoF7OzQsx"
											],
											"title": "HSQLDB",
											"notePosition": 10,
											"prefix": "",
											"isExpanded": false,
											"type": "code",
											"mime": "text/x-markdown",
											"attributes": [],
											"dataFileName": "HSQLDB.mkd"
										},
										{
											"isClone": false,
											"noteId": "2SncAM9yHRZk",
											"notePath": [
												"dZ78T3bBUqM7",
												"TrAsiSqRwF70",
												"PQV292F7F1Ck",
												"Rl5rSu6NEBF1",
												"2SncAM9yHRZk"
											],
											"title": "MySQL",
											"notePosition": 20,
											"prefix": "",
											"isExpanded": false,
											"type": "code",
											"mime": "text/x-markdown",
											"attributes": [],
											"dataFileName": "MySQL.mkd"
										}
									]
								},
								{
									"isClone": false,
									"noteId": "pjOrPY2Zn6dq",
									"notePath": [
										"dZ78T3bBUqM7",
										"TrAsiSqRwF70",
										"PQV292F7F1Ck",
										"pjOrPY2Zn6dq"
									],
									"title": "Web Application Attacks",
									"notePosition": 50,
									"prefix": "",
									"isExpanded": false,
									"type": "code",
									"mime": "text/x-markdown",
									"attributes": [],
									"dirFileName": "Web Application Attacks",
									"children": [
										{
											"isClone": false,
											"noteId": "1MURslIxfB3U",
											"notePath": [
												"dZ78T3bBUqM7",
												"TrAsiSqRwF70",
												"PQV292F7F1Ck",
												"pjOrPY2Zn6dq",
												"1MURslIxfB3U"
											],
											"title": "Cross-Site Scripting",
											"notePosition": 10,
											"prefix": "",
											"isExpanded": false,
											"type": "code",
											"mime": "text/x-markdown",
											"attributes": [],
											"dataFileName": "Cross-Site Scripting.mkd",
											"dirFileName": "Cross-Site Scripting",
											"children": [
												{
													"isClone": false,
													"noteId": "1bk22mY0a8k4",
													"notePath": [
														"dZ78T3bBUqM7",
														"TrAsiSqRwF70",
														"PQV292F7F1Ck",
														"pjOrPY2Zn6dq",
														"1MURslIxfB3U",
														"1bk22mY0a8k4"
													],
													"title": "Stored XSS",
													"notePosition": 40,
													"prefix": "",
													"isExpanded": false,
													"type": "code",
													"mime": "text/x-markdown",
													"attributes": [],
													"dataFileName": "Stored XSS.mkd"
												},
												{
													"isClone": false,
													"noteId": "N5ZUtuY9yWwm",
													"notePath": [
														"dZ78T3bBUqM7",
														"TrAsiSqRwF70",
														"PQV292F7F1Ck",
														"pjOrPY2Zn6dq",
														"1MURslIxfB3U",
														"N5ZUtuY9yWwm"
													],
													"title": "Reflected XSS",
													"notePosition": 30,
													"prefix": "",
													"isExpanded": false,
													"type": "code",
													"mime": "text/x-markdown",
													"attributes": [],
													"dataFileName": "Reflected XSS.mkd"
												},
												{
													"isClone": false,
													"noteId": "Y7qwcxMQEX10",
													"notePath": [
														"dZ78T3bBUqM7",
														"TrAsiSqRwF70",
														"PQV292F7F1Ck",
														"pjOrPY2Zn6dq",
														"1MURslIxfB3U",
														"Y7qwcxMQEX10"
													],
													"title": "DOM XSS",
													"notePosition": 10,
													"prefix": "",
													"isExpanded": false,
													"type": "code",
													"mime": "text/x-markdown",
													"attributes": [],
													"dataFileName": "DOM XSS.mkd"
												}
											]
										},
										{
											"isClone": false,
											"noteId": "BAXIWqofkPFN",
											"notePath": [
												"dZ78T3bBUqM7",
												"TrAsiSqRwF70",
												"PQV292F7F1Ck",
												"pjOrPY2Zn6dq",
												"BAXIWqofkPFN"
											],
											"title": "NoSQL Injection",
											"notePosition": 70,
											"prefix": "",
											"isExpanded": false,
											"type": "code",
											"mime": "text/x-markdown",
											"attributes": [],
											"dataFileName": "NoSQL Injection.mkd"
										},
										{
											"isClone": false,
											"noteId": "TwPAFTrAKLEI",
											"notePath": [
												"dZ78T3bBUqM7",
												"TrAsiSqRwF70",
												"PQV292F7F1Ck",
												"pjOrPY2Zn6dq",
												"TwPAFTrAKLEI"
											],
											"title": "Server Side Template Injection",
											"notePosition": 90,
											"prefix": "",
											"isExpanded": false,
											"type": "code",
											"mime": "text/x-markdown",
											"attributes": [],
											"dataFileName": "Server Side Template Injection.mkd"
										},
										{
											"isClone": false,
											"noteId": "BOPuntew4O7e",
											"notePath": [
												"dZ78T3bBUqM7",
												"TrAsiSqRwF70",
												"PQV292F7F1Ck",
												"pjOrPY2Zn6dq",
												"BOPuntew4O7e"
											],
											"title": "XML External Entity Injection",
											"notePosition": 20,
											"prefix": "",
											"isExpanded": false,
											"type": "code",
											"mime": "text/x-markdown",
											"attributes": [],
											"dataFileName": "XML External Entity Injection.mkd"
										},
										{
											"isClone": false,
											"noteId": "ciNLbO7KLtJ4",
											"notePath": [
												"dZ78T3bBUqM7",
												"TrAsiSqRwF70",
												"PQV292F7F1Ck",
												"pjOrPY2Zn6dq",
												"ciNLbO7KLtJ4"
											],
											"title": "Reverse Tabnabbing",
											"notePosition": 80,
											"prefix": "",
											"isExpanded": false,
											"type": "code",
											"mime": "text/x-markdown",
											"attributes": [],
											"dataFileName": "Reverse Tabnabbing.mkd"
										},
										{
											"isClone": false,
											"noteId": "LU4nz7hbHAX4",
											"notePath": [
												"dZ78T3bBUqM7",
												"TrAsiSqRwF70",
												"PQV292F7F1Ck",
												"pjOrPY2Zn6dq",
												"LU4nz7hbHAX4"
											],
											"title": "CGI",
											"notePosition": 30,
											"prefix": "",
											"isExpanded": false,
											"type": "code",
											"mime": "text/x-markdown",
											"attributes": [],
											"dataFileName": "CGI.mkd"
										},
										{
											"isClone": false,
											"noteId": "Ak29TvfHtnrw",
											"notePath": [
												"dZ78T3bBUqM7",
												"TrAsiSqRwF70",
												"PQV292F7F1Ck",
												"pjOrPY2Zn6dq",
												"Ak29TvfHtnrw"
											],
											"title": "Cross-Site Request Forgery",
											"notePosition": 40,
											"prefix": "",
											"isExpanded": false,
											"type": "code",
											"mime": "text/x-markdown",
											"attributes": [],
											"dataFileName": "Cross-Site Request Forgery.mkd"
										},
										{
											"isClone": false,
											"noteId": "Xnvj9GIFT35J",
											"notePath": [
												"dZ78T3bBUqM7",
												"TrAsiSqRwF70",
												"PQV292F7F1Ck",
												"pjOrPY2Zn6dq",
												"Xnvj9GIFT35J"
											],
											"title": "Insecure Deserialization",
											"notePosition": 60,
											"prefix": "",
											"isExpanded": false,
											"type": "code",
											"mime": "text/x-markdown",
											"attributes": [],
											"dataFileName": "Insecure Deserialization.mkd"
										}
									]
								},
								{
									"isClone": false,
									"noteId": "x8doBV2niUGi",
									"notePath": [
										"dZ78T3bBUqM7",
										"TrAsiSqRwF70",
										"PQV292F7F1Ck",
										"x8doBV2niUGi"
									],
									"title": "Searching Exploits",
									"notePosition": 60,
									"prefix": "",
									"isExpanded": false,
									"type": "code",
									"mime": "text/x-markdown",
									"attributes": [],
									"dataFileName": "Searching Exploits.mkd"
								},
								{
									"isClone": false,
									"noteId": "BFqFhsSBLCML",
									"notePath": [
										"dZ78T3bBUqM7",
										"TrAsiSqRwF70",
										"PQV292F7F1Ck",
										"BFqFhsSBLCML"
									],
									"title": "Password Attacks",
									"notePosition": 30,
									"prefix": "",
									"isExpanded": false,
									"type": "code",
									"mime": "text/x-markdown",
									"attributes": [],
									"dirFileName": "Password Attacks",
									"children": [
										{
											"isClone": false,
											"noteId": "hKjpG2CQoDvz",
											"notePath": [
												"dZ78T3bBUqM7",
												"TrAsiSqRwF70",
												"PQV292F7F1Ck",
												"BFqFhsSBLCML",
												"hKjpG2CQoDvz"
											],
											"title": "Creating Wordlists",
											"notePosition": 20,
											"prefix": "",
											"isExpanded": false,
											"type": "code",
											"mime": "text/x-markdown",
											"attributes": [],
											"dataFileName": "Creating Wordlists.mkd"
										},
										{
											"isClone": false,
											"noteId": "CHVqhdZobWwS",
											"notePath": [
												"dZ78T3bBUqM7",
												"TrAsiSqRwF70",
												"PQV292F7F1Ck",
												"BFqFhsSBLCML",
												"CHVqhdZobWwS"
											],
											"title": "Bruteforce Attacks",
											"notePosition": 10,
											"prefix": "",
											"isExpanded": false,
											"type": "code",
											"mime": "text/x-markdown",
											"attributes": [],
											"dataFileName": "Bruteforce Attacks.mkd"
										},
										{
											"isClone": false,
											"noteId": "2IuixYer1pTV",
											"notePath": [
												"dZ78T3bBUqM7",
												"TrAsiSqRwF70",
												"PQV292F7F1Ck",
												"BFqFhsSBLCML",
												"2IuixYer1pTV"
											],
											"title": "Password Cracking",
											"notePosition": 30,
											"prefix": "",
											"isExpanded": false,
											"type": "code",
											"mime": "text/x-markdown",
											"attributes": [],
											"dataFileName": "Password Cracking.mkd"
										}
									]
								},
								{
									"isClone": false,
									"noteId": "COVUy4pbnu9o",
									"notePath": [
										"dZ78T3bBUqM7",
										"TrAsiSqRwF70",
										"PQV292F7F1Ck",
										"COVUy4pbnu9o"
									],
									"title": "Client-Side Attacks",
									"notePosition": 10,
									"prefix": "",
									"isExpanded": true,
									"type": "code",
									"mime": "text/x-markdown",
									"attributes": [],
									"dirFileName": "Client-Side Attacks",
									"children": [
										{
											"isClone": false,
											"noteId": "etmaFjSLL4cF",
											"notePath": [
												"dZ78T3bBUqM7",
												"TrAsiSqRwF70",
												"PQV292F7F1Ck",
												"COVUy4pbnu9o",
												"etmaFjSLL4cF"
											],
											"title": "Browser Exploits",
											"notePosition": 10,
											"prefix": "",
											"isExpanded": false,
											"type": "code",
											"mime": "text/x-markdown",
											"attributes": [],
											"dataFileName": "Browser Exploits.mkd"
										}
									]
								}
							]
						},
						{
							"isClone": false,
							"noteId": "lZXIVKL3x7Pc",
							"notePath": [
								"dZ78T3bBUqM7",
								"TrAsiSqRwF70",
								"lZXIVKL3x7Pc"
							],
							"title": "Exploit Development",
							"notePosition": 40,
							"prefix": "",
							"isExpanded": true,
							"type": "code",
							"mime": "text/x-markdown",
							"attributes": [],
							"dirFileName": "Exploit Development",
							"children": [
								{
									"isClone": false,
									"noteId": "sPbYylUQo6vY",
									"notePath": [
										"dZ78T3bBUqM7",
										"TrAsiSqRwF70",
										"lZXIVKL3x7Pc",
										"sPbYylUQo6vY"
									],
									"title": "Excluding Bad Chars",
									"notePosition": 10,
									"prefix": "",
									"isExpanded": false,
									"type": "code",
									"mime": "text/x-markdown",
									"attributes": [],
									"dataFileName": "Excluding Bad Chars.mkd"
								}
							]
						},
						{
							"isClone": false,
							"noteId": "aXkDqPzHwl2l",
							"notePath": [
								"dZ78T3bBUqM7",
								"TrAsiSqRwF70",
								"aXkDqPzHwl2l"
							],
							"title": "Social Engineering",
							"notePosition": 100,
							"prefix": "",
							"isExpanded": true,
							"type": "code",
							"mime": "text/x-markdown",
							"attributes": [],
							"dataFileName": "Social Engineering.mkd",
							"dirFileName": "Social Engineering",
							"children": [
								{
									"isClone": false,
									"noteId": "LhdbyDbit1Fp",
									"notePath": [
										"dZ78T3bBUqM7",
										"TrAsiSqRwF70",
										"aXkDqPzHwl2l",
										"LhdbyDbit1Fp"
									],
									"title": "Psychological Aspects",
									"notePosition": 20,
									"prefix": "",
									"isExpanded": false,
									"type": "code",
									"mime": "text/x-markdown",
									"attributes": [],
									"dirFileName": "Psychological Aspects",
									"children": [
										{
											"isClone": false,
											"noteId": "EEsFGrytebrh",
											"notePath": [
												"dZ78T3bBUqM7",
												"TrAsiSqRwF70",
												"aXkDqPzHwl2l",
												"LhdbyDbit1Fp",
												"EEsFGrytebrh"
											],
											"title": "Establishing Rapport",
											"notePosition": 10,
											"prefix": "",
											"isExpanded": false,
											"type": "code",
											"mime": "text/x-markdown",
											"attributes": [],
											"dataFileName": "Establishing Rapport.mkd"
										},
										{
											"isClone": false,
											"noteId": "WrIYiHnilgsU",
											"notePath": [
												"dZ78T3bBUqM7",
												"TrAsiSqRwF70",
												"aXkDqPzHwl2l",
												"LhdbyDbit1Fp",
												"WrIYiHnilgsU"
											],
											"title": "Manipulation",
											"notePosition": 30,
											"prefix": "",
											"isExpanded": false,
											"type": "code",
											"mime": "text/x-markdown",
											"attributes": [],
											"dataFileName": "Manipulation.mkd"
										},
										{
											"isClone": false,
											"noteId": "wUG2mimSnGQt",
											"notePath": [
												"dZ78T3bBUqM7",
												"TrAsiSqRwF70",
												"aXkDqPzHwl2l",
												"LhdbyDbit1Fp",
												"wUG2mimSnGQt"
											],
											"title": "Influence Tactics",
											"notePosition": 20,
											"prefix": "",
											"isExpanded": false,
											"type": "code",
											"mime": "text/x-markdown",
											"attributes": [],
											"dataFileName": "Influence Tactics.mkd"
										}
									]
								},
								{
									"isClone": false,
									"noteId": "airVl3ff0kAc",
									"notePath": [
										"dZ78T3bBUqM7",
										"TrAsiSqRwF70",
										"aXkDqPzHwl2l",
										"airVl3ff0kAc"
									],
									"title": "Phishing",
									"notePosition": 10,
									"prefix": "",
									"isExpanded": false,
									"type": "code",
									"mime": "text/x-markdown",
									"attributes": [],
									"dataFileName": "Phishing.mkd",
									"dirFileName": "Phishing",
									"children": [
										{
											"isClone": false,
											"noteId": "hWfrww7p2qE3",
											"notePath": [
												"dZ78T3bBUqM7",
												"TrAsiSqRwF70",
												"aXkDqPzHwl2l",
												"airVl3ff0kAc",
												"hWfrww7p2qE3"
											],
											"title": "Setting Up Mail Server",
											"notePosition": 30,
											"prefix": "",
											"isExpanded": false,
											"type": "code",
											"mime": "text/x-markdown",
											"attributes": [],
											"dataFileName": "Setting Up Mail Server.mkd"
										},
										{
											"isClone": false,
											"noteId": "k8AV8Xh281rN",
											"notePath": [
												"dZ78T3bBUqM7",
												"TrAsiSqRwF70",
												"aXkDqPzHwl2l",
												"airVl3ff0kAc",
												"k8AV8Xh281rN"
											],
											"title": "Sending Emails",
											"notePosition": 20,
											"prefix": "",
											"isExpanded": false,
											"type": "code",
											"mime": "text/x-markdown",
											"attributes": [],
											"dataFileName": "Sending Emails.mkd"
										},
										{
											"isClone": false,
											"noteId": "jC3VD0JeQe12",
											"notePath": [
												"dZ78T3bBUqM7",
												"TrAsiSqRwF70",
												"aXkDqPzHwl2l",
												"airVl3ff0kAc",
												"jC3VD0JeQe12"
											],
											"title": "Landing Zone",
											"notePosition": 10,
											"prefix": "",
											"isExpanded": false,
											"type": "code",
											"mime": "text/x-markdown",
											"attributes": [],
											"dataFileName": "Landing Zone.mkd"
										}
									]
								},
								{
									"isClone": false,
									"noteId": "P29B9rUY6xVA",
									"notePath": [
										"dZ78T3bBUqM7",
										"TrAsiSqRwF70",
										"aXkDqPzHwl2l",
										"P29B9rUY6xVA"
									],
									"title": "USB Attacks",
									"notePosition": 30,
									"prefix": "",
									"isExpanded": false,
									"type": "code",
									"mime": "text/x-markdown",
									"attributes": [],
									"dataFileName": "USB Attacks.mkd"
								}
							]
						},
						{
							"isClone": false,
							"noteId": "4yngDitRiDwd",
							"notePath": [
								"dZ78T3bBUqM7",
								"TrAsiSqRwF70",
								"4yngDitRiDwd"
							],
							"title": "Man-in-the-Middle",
							"notePosition": 70,
							"prefix": "",
							"isExpanded": false,
							"type": "code",
							"mime": "text/x-markdown",
							"attributes": [],
							"dirFileName": "Man-in-the-Middle",
							"children": [
								{
									"isClone": false,
									"noteId": "PM2FQqFH6qxk",
									"notePath": [
										"dZ78T3bBUqM7",
										"TrAsiSqRwF70",
										"4yngDitRiDwd",
										"PM2FQqFH6qxk"
									],
									"title": "Traffic Sniffing",
									"notePosition": 20,
									"prefix": "",
									"isExpanded": false,
									"type": "code",
									"mime": "text/x-markdown",
									"attributes": [],
									"dataFileName": "Traffic Sniffing.mkd"
								},
								{
									"isClone": false,
									"noteId": "QMGaANJJshir",
									"notePath": [
										"dZ78T3bBUqM7",
										"TrAsiSqRwF70",
										"4yngDitRiDwd",
										"QMGaANJJshir"
									],
									"title": "Traffic Manipulation",
									"notePosition": 10,
									"prefix": "",
									"isExpanded": false,
									"type": "code",
									"mime": "text/x-markdown",
									"attributes": [],
									"dataFileName": "Traffic Manipulation.mkd"
								}
							]
						},
						{
							"isClone": false,
							"noteId": "n84yRmYGf7Sn",
							"notePath": [
								"dZ78T3bBUqM7",
								"TrAsiSqRwF70",
								"n84yRmYGf7Sn"
							],
							"title": "Formalization",
							"notePosition": 60,
							"prefix": "",
							"isExpanded": true,
							"type": "code",
							"mime": "text/x-markdown",
							"attributes": [],
							"dirFileName": "Formalization",
							"children": [
								{
									"isClone": false,
									"noteId": "5HlZdQJTTKNy",
									"notePath": [
										"dZ78T3bBUqM7",
										"TrAsiSqRwF70",
										"n84yRmYGf7Sn",
										"5HlZdQJTTKNy"
									],
									"title": "General Information",
									"notePosition": 20,
									"prefix": "",
									"isExpanded": false,
									"type": "code",
									"mime": "text/x-markdown",
									"attributes": [],
									"dataFileName": "General Information.mkd"
								},
								{
									"isClone": false,
									"noteId": "bH5NkoPQeyxC",
									"notePath": [
										"dZ78T3bBUqM7",
										"TrAsiSqRwF70",
										"n84yRmYGf7Sn",
										"bH5NkoPQeyxC"
									],
									"title": "Scoping",
									"notePosition": 30,
									"prefix": "",
									"isExpanded": false,
									"type": "code",
									"mime": "text/x-markdown",
									"attributes": [],
									"dataFileName": "Scoping.mkd"
								},
								{
									"isClone": false,
									"noteId": "LZA6wma1rPfg",
									"notePath": [
										"dZ78T3bBUqM7",
										"TrAsiSqRwF70",
										"n84yRmYGf7Sn",
										"LZA6wma1rPfg"
									],
									"title": "CVSS Calculation",
									"notePosition": 10,
									"prefix": "",
									"isExpanded": false,
									"type": "code",
									"mime": "text/x-markdown",
									"attributes": [],
									"dataFileName": "CVSS Calculation.mkd"
								}
							]
						},
						{
							"isClone": false,
							"noteId": "0zOlU3UbNPZY",
							"notePath": [
								"dZ78T3bBUqM7",
								"TrAsiSqRwF70",
								"0zOlU3UbNPZY"
							],
							"title": "Passive Information Gathering",
							"notePosition": 80,
							"prefix": "",
							"isExpanded": false,
							"type": "code",
							"mime": "text/x-markdown",
							"attributes": [],
							"dataFileName": "Passive Information Gathering.mkd",
							"dirFileName": "Passive Information Gathering",
							"children": [
								{
									"isClone": false,
									"noteId": "WMtsaCSHgKD6",
									"notePath": [
										"dZ78T3bBUqM7",
										"TrAsiSqRwF70",
										"0zOlU3UbNPZY",
										"WMtsaCSHgKD6"
									],
									"title": "Netcraft",
									"notePosition": 50,
									"prefix": "",
									"isExpanded": false,
									"type": "code",
									"mime": "text/x-markdown",
									"attributes": [],
									"dataFileName": "Netcraft.mkd"
								},
								{
									"isClone": false,
									"noteId": "2Ft4gjF65HZx",
									"notePath": [
										"dZ78T3bBUqM7",
										"TrAsiSqRwF70",
										"0zOlU3UbNPZY",
										"2Ft4gjF65HZx"
									],
									"title": "OWASP Amass",
									"notePosition": 60,
									"prefix": "",
									"isExpanded": false,
									"type": "code",
									"mime": "text/x-markdown",
									"attributes": [],
									"dataFileName": "OWASP Amass.mkd"
								},
								{
									"isClone": false,
									"noteId": "2KHaUZ7Liqfo",
									"notePath": [
										"dZ78T3bBUqM7",
										"TrAsiSqRwF70",
										"0zOlU3UbNPZY",
										"2KHaUZ7Liqfo"
									],
									"title": "Censys",
									"notePosition": 10,
									"prefix": "",
									"isExpanded": false,
									"type": "code",
									"mime": "text/x-markdown",
									"attributes": [],
									"dataFileName": "Censys.mkd"
								},
								{
									"isClone": false,
									"noteId": "tjLwkJGbdxPz",
									"notePath": [
										"dZ78T3bBUqM7",
										"TrAsiSqRwF70",
										"0zOlU3UbNPZY",
										"tjLwkJGbdxPz"
									],
									"title": "Google Hacking Database",
									"notePosition": 30,
									"prefix": "",
									"isExpanded": false,
									"type": "code",
									"mime": "text/x-markdown",
									"attributes": [],
									"dataFileName": "Google Hacking Database.mkd"
								},
								{
									"isClone": false,
									"noteId": "ththsiQWeaZg",
									"notePath": [
										"dZ78T3bBUqM7",
										"TrAsiSqRwF70",
										"0zOlU3UbNPZY",
										"ththsiQWeaZg"
									],
									"title": "Whois",
									"notePosition": 90,
									"prefix": "",
									"isExpanded": false,
									"type": "code",
									"mime": "text/x-markdown",
									"attributes": [],
									"dataFileName": "Whois.mkd"
								},
								{
									"isClone": false,
									"noteId": "0YnjocBbblhw",
									"notePath": [
										"dZ78T3bBUqM7",
										"TrAsiSqRwF70",
										"0zOlU3UbNPZY",
										"0YnjocBbblhw"
									],
									"title": "Email Harvesting",
									"notePosition": 20,
									"prefix": "",
									"isExpanded": false,
									"type": "code",
									"mime": "text/x-markdown",
									"attributes": [],
									"dataFileName": "Email Harvesting.mkd"
								},
								{
									"isClone": false,
									"noteId": "PSmW3aSnx52T",
									"notePath": [
										"dZ78T3bBUqM7",
										"TrAsiSqRwF70",
										"0zOlU3UbNPZY",
										"PSmW3aSnx52T"
									],
									"title": "User Profiling",
									"notePosition": 80,
									"prefix": "",
									"isExpanded": false,
									"type": "code",
									"mime": "text/x-markdown",
									"attributes": [],
									"dataFileName": "User Profiling.mkd"
								},
								{
									"isClone": false,
									"noteId": "ISWcm7n88Kej",
									"notePath": [
										"dZ78T3bBUqM7",
										"TrAsiSqRwF70",
										"0zOlU3UbNPZY",
										"ISWcm7n88Kej"
									],
									"title": "Shodan",
									"notePosition": 70,
									"prefix": "",
									"isExpanded": false,
									"type": "code",
									"mime": "text/x-markdown",
									"attributes": [],
									"dataFileName": "Shodan.mkd"
								}
							]
						},
						{
							"isClone": false,
							"noteId": "a9wWQisEACSr",
							"notePath": [
								"dZ78T3bBUqM7",
								"TrAsiSqRwF70",
								"a9wWQisEACSr"
							],
							"title": "Active Information Gathering",
							"notePosition": 10,
							"prefix": "",
							"isExpanded": true,
							"type": "code",
							"mime": "text/x-markdown",
							"attributes": [],
							"dirFileName": "Active Information Gathering",
							"children": [
								{
									"isClone": false,
									"noteId": "79hT248TrEzp",
									"notePath": [
										"dZ78T3bBUqM7",
										"TrAsiSqRwF70",
										"a9wWQisEACSr",
										"79hT248TrEzp"
									],
									"title": "SMB-Netbios",
									"notePosition": 100,
									"prefix": "",
									"isExpanded": false,
									"type": "code",
									"mime": "text/x-markdown",
									"attributes": [],
									"dataFileName": "SMB-Netbios.mkd"
								},
								{
									"isClone": false,
									"noteId": "PhvbtJugAbqQ",
									"notePath": [
										"dZ78T3bBUqM7",
										"TrAsiSqRwF70",
										"a9wWQisEACSr",
										"PhvbtJugAbqQ"
									],
									"title": "NFS",
									"notePosition": 70,
									"prefix": "",
									"isExpanded": false,
									"type": "code",
									"mime": "text/x-markdown",
									"attributes": [],
									"dataFileName": "NFS.mkd"
								},
								{
									"isClone": false,
									"noteId": "w5HHR1I4GrA9",
									"notePath": [
										"dZ78T3bBUqM7",
										"TrAsiSqRwF70",
										"a9wWQisEACSr",
										"w5HHR1I4GrA9"
									],
									"title": "Databases",
									"notePosition": 30,
									"prefix": "",
									"isExpanded": false,
									"type": "code",
									"mime": "text/x-markdown",
									"attributes": [],
									"dataFileName": "Databases.mkd"
								},
								{
									"isClone": false,
									"noteId": "og52gaYZEsjQ",
									"notePath": [
										"dZ78T3bBUqM7",
										"TrAsiSqRwF70",
										"a9wWQisEACSr",
										"og52gaYZEsjQ"
									],
									"title": "Network Discovery",
									"notePosition": 10,
									"prefix": "",
									"isExpanded": true,
									"type": "code",
									"mime": "text/x-markdown",
									"attributes": [],
									"dataFileName": "Network Discovery.mkd",
									"dirFileName": "Network Discovery",
									"children": [
										{
											"isClone": false,
											"noteId": "oIVlegAu6KMg",
											"notePath": [
												"dZ78T3bBUqM7",
												"TrAsiSqRwF70",
												"a9wWQisEACSr",
												"og52gaYZEsjQ",
												"oIVlegAu6KMg"
											],
											"title": "ARP",
											"notePosition": 10,
											"prefix": "",
											"isExpanded": false,
											"type": "code",
											"mime": "text/x-markdown",
											"attributes": [
												{
													"type": "relation",
													"name": "imageLink",
													"value": "Na95ukGd4pI3",
													"isInheritable": false,
													"position": 1
												}
											],
											"dataFileName": "ARP.mkd",
											"dirFileName": "ARP",
											"children": [
												{
													"isClone": false,
													"noteId": "Na95ukGd4pI3",
													"notePath": [
														"dZ78T3bBUqM7",
														"TrAsiSqRwF70",
														"a9wWQisEACSr",
														"og52gaYZEsjQ",
														"oIVlegAu6KMg",
														"Na95ukGd4pI3"
													],
													"title": "image.png",
													"notePosition": 20,
													"prefix": null,
													"isExpanded": false,
													"type": "image",
													"mime": "image/jpg",
													"attributes": [
														{
															"type": "label",
															"name": "originalFileName",
															"value": "image.png",
															"isInheritable": false,
															"position": 1000
														}
													],
													"dataFileName": "image.png"
												}
											]
										},
										{
											"isClone": false,
											"noteId": "Pv757M5MbdZz",
											"notePath": [
												"dZ78T3bBUqM7",
												"TrAsiSqRwF70",
												"a9wWQisEACSr",
												"og52gaYZEsjQ",
												"Pv757M5MbdZz"
											],
											"title": "ICMP",
											"notePosition": 20,
											"prefix": "",
											"isExpanded": false,
											"type": "code",
											"mime": "text/x-markdown",
											"attributes": [],
											"dataFileName": "ICMP.mkd"
										}
									]
								},
								{
									"isClone": false,
									"noteId": "IeWqKEfkqoF5",
									"notePath": [
										"dZ78T3bBUqM7",
										"TrAsiSqRwF70",
										"a9wWQisEACSr",
										"IeWqKEfkqoF5"
									],
									"title": "WWW",
									"notePosition": 20,
									"prefix": "",
									"isExpanded": true,
									"type": "code",
									"mime": "text/x-markdown",
									"attributes": [],
									"dirFileName": "WWW",
									"children": [
										{
											"isClone": false,
											"noteId": "PBcgD3T6HTbB",
											"notePath": [
												"dZ78T3bBUqM7",
												"TrAsiSqRwF70",
												"a9wWQisEACSr",
												"IeWqKEfkqoF5",
												"PBcgD3T6HTbB"
											],
											"title": "Artifactory Enumeration",
											"notePosition": 20,
											"prefix": "",
											"isExpanded": false,
											"type": "code",
											"mime": "text/x-markdown",
											"attributes": [],
											"dataFileName": "Artifactory Enumeration.mkd"
										},
										{
											"isClone": false,
											"noteId": "U0BX2BAS2Wu8",
											"notePath": [
												"dZ78T3bBUqM7",
												"TrAsiSqRwF70",
												"a9wWQisEACSr",
												"IeWqKEfkqoF5",
												"U0BX2BAS2Wu8"
											],
											"title": "WordPress Enumeration",
											"notePosition": 60,
											"prefix": "",
											"isExpanded": false,
											"type": "code",
											"mime": "text/x-markdown",
											"attributes": [],
											"dataFileName": "WordPress Enumeration.mkd"
										},
										{
											"isClone": false,
											"noteId": "8lbf07KFd28U",
											"notePath": [
												"dZ78T3bBUqM7",
												"TrAsiSqRwF70",
												"a9wWQisEACSr",
												"IeWqKEfkqoF5",
												"8lbf07KFd28U"
											],
											"title": "WebDAV Enumeration",
											"notePosition": 40,
											"prefix": "",
											"isExpanded": false,
											"type": "code",
											"mime": "text/x-markdown",
											"attributes": [],
											"dataFileName": "WebDAV Enumeration.mkd"
										},
										{
											"isClone": false,
											"noteId": "1F5c0dl8gs3u",
											"notePath": [
												"dZ78T3bBUqM7",
												"TrAsiSqRwF70",
												"a9wWQisEACSr",
												"IeWqKEfkqoF5",
												"1F5c0dl8gs3u"
											],
											"title": "Web Content Discovery",
											"notePosition": 10,
											"prefix": "",
											"isExpanded": false,
											"type": "code",
											"mime": "text/x-markdown",
											"attributes": [],
											"dataFileName": "Web Content Discovery.mkd"
										}
									]
								},
								{
									"isClone": false,
									"noteId": "rb7bE08tyXPG",
									"notePath": [
										"dZ78T3bBUqM7",
										"TrAsiSqRwF70",
										"a9wWQisEACSr",
										"rb7bE08tyXPG"
									],
									"title": "FTP",
									"notePosition": 50,
									"prefix": "",
									"isExpanded": false,
									"type": "code",
									"mime": "text/x-markdown",
									"attributes": [],
									"dataFileName": "FTP.mkd"
								},
								{
									"isClone": false,
									"noteId": "USDcfptQh4TP",
									"notePath": [
										"dZ78T3bBUqM7",
										"TrAsiSqRwF70",
										"a9wWQisEACSr",
										"USDcfptQh4TP"
									],
									"title": "LDAP",
									"notePosition": 60,
									"prefix": "",
									"isExpanded": false,
									"type": "code",
									"mime": "text/x-markdown",
									"attributes": [],
									"dataFileName": "LDAP.mkd"
								},
								{
									"isClone": false,
									"noteId": "lj0eiycl76gO",
									"notePath": [
										"dZ78T3bBUqM7",
										"TrAsiSqRwF70",
										"a9wWQisEACSr",
										"lj0eiycl76gO"
									],
									"title": "SNMP",
									"notePosition": 120,
									"prefix": "",
									"isExpanded": false,
									"type": "code",
									"mime": "text/x-markdown",
									"attributes": [],
									"dataFileName": "SNMP.mkd"
								},
								{
									"isClone": false,
									"noteId": "h2aO2RcZmwB4",
									"notePath": [
										"dZ78T3bBUqM7",
										"TrAsiSqRwF70",
										"a9wWQisEACSr",
										"h2aO2RcZmwB4"
									],
									"title": "RPC-DCERPC",
									"notePosition": 90,
									"prefix": "",
									"isExpanded": false,
									"type": "code",
									"mime": "text/x-markdown",
									"attributes": [],
									"dataFileName": "RPC-DCERPC.mkd"
								},
								{
									"isClone": false,
									"noteId": "tWJvpIEb7g0k",
									"notePath": [
										"dZ78T3bBUqM7",
										"TrAsiSqRwF70",
										"a9wWQisEACSr",
										"tWJvpIEb7g0k"
									],
									"title": "DNS",
									"notePosition": 40,
									"prefix": "",
									"isExpanded": false,
									"type": "code",
									"mime": "text/x-markdown",
									"attributes": [],
									"dataFileName": "DNS.mkd"
								},
								{
									"isClone": false,
									"noteId": "8NtVJ8Og4zZ3",
									"notePath": [
										"dZ78T3bBUqM7",
										"TrAsiSqRwF70",
										"a9wWQisEACSr",
										"8NtVJ8Og4zZ3"
									],
									"title": "Port Scanning",
									"notePosition": 80,
									"prefix": "",
									"isExpanded": false,
									"type": "code",
									"mime": "text/x-markdown",
									"attributes": [],
									"dataFileName": "Port Scanning.mkd"
								},
								{
									"isClone": false,
									"noteId": "pwQOQNQdO6xS",
									"notePath": [
										"dZ78T3bBUqM7",
										"TrAsiSqRwF70",
										"a9wWQisEACSr",
										"pwQOQNQdO6xS"
									],
									"title": "SMTP",
									"notePosition": 110,
									"prefix": "",
									"isExpanded": false,
									"type": "code",
									"mime": "text/x-markdown",
									"attributes": [],
									"dataFileName": "SMTP.mkd"
								},
								{
									"isClone": false,
									"noteId": "SZ4c9lCAFJRT",
									"notePath": [
										"dZ78T3bBUqM7",
										"TrAsiSqRwF70",
										"a9wWQisEACSr",
										"SZ4c9lCAFJRT"
									],
									"title": "TLS",
									"notePosition": 130,
									"prefix": null,
									"isExpanded": false,
									"type": "code",
									"mime": "text/x-markdown",
									"attributes": [],
									"dataFileName": "TLS.mkd"
								}
							]
						},
						{
							"isClone": false,
							"noteId": "GW4zmuOTCkkU",
							"notePath": [
								"dZ78T3bBUqM7",
								"TrAsiSqRwF70",
								"GW4zmuOTCkkU"
							],
							"title": "Cryptography",
							"notePosition": 30,
							"prefix": "",
							"isExpanded": false,
							"type": "code",
							"mime": "text/x-markdown",
							"attributes": [],
							"dirFileName": "Cryptography",
							"children": [
								{
									"isClone": false,
									"noteId": "Py14foZN9Qss",
									"notePath": [
										"dZ78T3bBUqM7",
										"TrAsiSqRwF70",
										"GW4zmuOTCkkU",
										"Py14foZN9Qss"
									],
									"title": "X509 Certificates",
									"notePosition": 10,
									"prefix": "",
									"isExpanded": false,
									"type": "code",
									"mime": "text/x-markdown",
									"attributes": [],
									"dataFileName": "X509 Certificates.mkd",
									"dirFileName": "X509 Certificates",
									"children": [
										{
											"isClone": false,
											"noteId": "YJGMc1F9NrQc",
											"notePath": [
												"dZ78T3bBUqM7",
												"TrAsiSqRwF70",
												"GW4zmuOTCkkU",
												"Py14foZN9Qss",
												"YJGMc1F9NrQc"
											],
											"title": "Certificate Formats",
											"notePosition": 10,
											"prefix": "",
											"isExpanded": false,
											"type": "code",
											"mime": "text/x-markdown",
											"attributes": [],
											"dataFileName": "Certificate Formats.mkd"
										}
									]
								},
								{
									"isClone": false,
									"noteId": "HW2FRlFnyVmk",
									"notePath": [
										"dZ78T3bBUqM7",
										"TrAsiSqRwF70",
										"GW4zmuOTCkkU",
										"HW2FRlFnyVmk"
									],
									"title": "Custom Certificate Authority",
									"notePosition": 20,
									"prefix": "",
									"isExpanded": false,
									"type": "code",
									"mime": "text/x-markdown",
									"attributes": [],
									"dataFileName": "Custom Certificate Authority.mkd"
								},
								{
									"isClone": false,
									"noteId": "3yrAoq47GkVC",
									"notePath": [
										"dZ78T3bBUqM7",
										"TrAsiSqRwF70",
										"GW4zmuOTCkkU",
										"3yrAoq47GkVC"
									],
									"title": "RSA Assymetric Keys",
									"notePosition": 50,
									"prefix": "",
									"isExpanded": false,
									"type": "code",
									"mime": "text/x-markdown",
									"attributes": [],
									"dataFileName": "RSA Assymetric Keys.mkd"
								}
							]
						}
					]
				},
				{
					"isClone": false,
					"noteId": "0Qv613uikqDm",
					"notePath": [
						"dZ78T3bBUqM7",
						"0Qv613uikqDm"
					],
					"title": "Incident Response",
					"notePosition": 20,
					"prefix": "",
					"isExpanded": true,
					"type": "text",
					"mime": "text/html",
					"attributes": [],
					"format": "markdown",
					"dirFileName": "Incident Response",
					"children": [
						{
							"isClone": false,
							"noteId": "fHVHQokyRfWM",
							"notePath": [
								"dZ78T3bBUqM7",
								"0Qv613uikqDm",
								"fHVHQokyRfWM"
							],
							"title": "Collecting Evidence",
							"notePosition": 10,
							"prefix": "",
							"isExpanded": true,
							"type": "code",
							"mime": "text/x-markdown",
							"attributes": [],
							"dirFileName": "Collecting Evidence",
							"children": [
								{
									"isClone": false,
									"noteId": "5zWlohU9ujQ2",
									"notePath": [
										"dZ78T3bBUqM7",
										"0Qv613uikqDm",
										"fHVHQokyRfWM",
										"5zWlohU9ujQ2"
									],
									"title": "Linux",
									"notePosition": 10,
									"prefix": "",
									"isExpanded": false,
									"type": "code",
									"mime": "text/x-markdown",
									"attributes": [],
									"dataFileName": "Linux.mkd"
								}
							]
						}
					]
				},
				{
					"isClone": false,
					"noteId": "tXTgyoEA2Phc",
					"notePath": [
						"dZ78T3bBUqM7",
						"tXTgyoEA2Phc"
					],
					"title": "Threat Intelligence",
					"notePosition": 30,
					"prefix": "",
					"isExpanded": true,
					"type": "text",
					"mime": "text/html",
					"attributes": [],
					"format": "markdown",
					"dirFileName": "Threat Intelligence",
					"children": [
						{
							"isClone": false,
							"noteId": "la4CVsuZgZKS",
							"notePath": [
								"dZ78T3bBUqM7",
								"tXTgyoEA2Phc",
								"la4CVsuZgZKS"
							],
							"title": "Using huginn",
							"notePosition": 10,
							"prefix": "",
							"isExpanded": false,
							"type": "code",
							"mime": "text/x-markdown",
							"attributes": [],
							"dataFileName": "Using huginn.mkd"
						}
					]
				},
				{
					"isClone": false,
					"noteId": "8HCaHGEOo2br",
					"notePath": [
						"dZ78T3bBUqM7",
						"8HCaHGEOo2br"
					],
					"title": "Interviews",
					"notePosition": 40,
					"prefix": "",
					"isExpanded": true,
					"type": "text",
					"mime": "text/html",
					"attributes": [],
					"format": "markdown",
					"dirFileName": "Interviews",
					"children": [
						{
							"isClone": false,
							"noteId": "0Tk2s1BIWJeY",
							"notePath": [
								"dZ78T3bBUqM7",
								"8HCaHGEOo2br",
								"0Tk2s1BIWJeY"
							],
							"title": "Application Security Engineer",
							"notePosition": 10,
							"prefix": "",
							"isExpanded": false,
							"type": "code",
							"mime": "text/x-markdown",
							"attributes": [],
							"dataFileName": "Application Security Engineer.mkd"
						}
					]
				},
				{
					"isClone": false,
					"noteId": "7qYc9zlt0BrQ",
					"notePath": [
						"dZ78T3bBUqM7",
						"7qYc9zlt0BrQ"
					],
					"title": "Security Standards",
					"notePosition": 50,
					"prefix": "",
					"isExpanded": true,
					"type": "text",
					"mime": "text/html",
					"attributes": [],
					"format": "markdown",
					"dirFileName": "Security Standards",
					"children": [
						{
							"isClone": false,
							"noteId": "FpnJgCjtaOwz",
							"notePath": [
								"dZ78T3bBUqM7",
								"7qYc9zlt0BrQ",
								"FpnJgCjtaOwz"
							],
							"title": "Web Security",
							"notePosition": 10,
							"prefix": "",
							"isExpanded": true,
							"type": "code",
							"mime": "text/x-markdown",
							"attributes": [],
							"dirFileName": "Web Security",
							"children": [
								{
									"isClone": false,
									"noteId": "x3krqBz19kXQ",
									"notePath": [
										"dZ78T3bBUqM7",
										"7qYc9zlt0BrQ",
										"FpnJgCjtaOwz",
										"x3krqBz19kXQ"
									],
									"title": "Same-Origin Policy",
									"notePosition": 20,
									"prefix": "",
									"isExpanded": false,
									"type": "code",
									"mime": "text/x-markdown",
									"attributes": [],
									"dataFileName": "Same-Origin Policy.mkd"
								},
								{
									"isClone": false,
									"noteId": "AVTdECBuYhzZ",
									"notePath": [
										"dZ78T3bBUqM7",
										"7qYc9zlt0BrQ",
										"FpnJgCjtaOwz",
										"AVTdECBuYhzZ"
									],
									"title": "OWASP Top 10",
									"notePosition": 10,
									"prefix": "",
									"isExpanded": false,
									"type": "code",
									"mime": "text/x-markdown",
									"attributes": [],
									"dataFileName": "OWASP Top 10.mkd"
								}
							]
						},
						{
							"isClone": false,
							"noteId": "rWTfOcIZ5Fa4",
							"notePath": [
								"dZ78T3bBUqM7",
								"7qYc9zlt0BrQ",
								"rWTfOcIZ5Fa4"
							],
							"title": "ISO-27001",
							"notePosition": 30,
							"prefix": "",
							"isExpanded": false,
							"type": "code",
							"mime": "text/x-markdown",
							"attributes": [],
							"dataFileName": "ISO-27001.mkd"
						},
						{
							"isClone": false,
							"noteId": "fGInguCkipWX",
							"notePath": [
								"dZ78T3bBUqM7",
								"7qYc9zlt0BrQ",
								"fGInguCkipWX"
							],
							"title": "Data Protection Act 2018",
							"notePosition": 20,
							"prefix": "",
							"isExpanded": false,
							"type": "code",
							"mime": "text/x-markdown",
							"attributes": [],
							"dataFileName": "Data Protection Act 2018.mkd"
						},
						{
							"isClone": false,
							"noteId": "OKepmAJUzRkJ",
							"notePath": [
								"dZ78T3bBUqM7",
								"7qYc9zlt0BrQ",
								"OKepmAJUzRkJ"
							],
							"title": "PCI-DSS",
							"notePosition": 40,
							"prefix": "",
							"isExpanded": false,
							"type": "code",
							"mime": "text/x-markdown",
							"attributes": [],
							"dataFileName": "PCI-DSS.mkd"
						},
						{
							"isClone": false,
							"noteId": "eIN4W3NzGTiT",
							"notePath": [
								"dZ78T3bBUqM7",
								"7qYc9zlt0BrQ",
								"eIN4W3NzGTiT"
							],
							"title": "SDL - Secure Development Lifecycle",
							"notePosition": 50,
							"prefix": "",
							"isExpanded": false,
							"type": "code",
							"mime": "text/x-markdown",
							"attributes": [],
							"dataFileName": "SDL - Secure Development Lifec.mkd"
						}
					]
				},
				{
					"isClone": false,
					"noteId": "X7EkPHPCVRU9",
					"notePath": [
						"dZ78T3bBUqM7",
						"X7EkPHPCVRU9"
					],
					"title": "Code Snippets",
					"notePosition": 60,
					"prefix": "",
					"isExpanded": true,
					"type": "code",
					"mime": "text/x-markdown",
					"attributes": [],
					"dirFileName": "Code Snippets",
					"children": [
						{
							"isClone": false,
							"noteId": "VJtP6ZuIMKoV",
							"notePath": [
								"dZ78T3bBUqM7",
								"X7EkPHPCVRU9",
								"VJtP6ZuIMKoV"
							],
							"title": "Python3",
							"notePosition": 30,
							"prefix": "",
							"isExpanded": true,
							"type": "code",
							"mime": "text/x-markdown",
							"attributes": [],
							"dataFileName": "Python3.mkd",
							"dirFileName": "Python3",
							"children": [
								{
									"isClone": false,
									"noteId": "KYiUHSvfc9j3",
									"notePath": [
										"dZ78T3bBUqM7",
										"X7EkPHPCVRU9",
										"VJtP6ZuIMKoV",
										"KYiUHSvfc9j3"
									],
									"title": "Packaging Python Projects",
									"notePosition": 20,
									"prefix": "",
									"isExpanded": false,
									"type": "code",
									"mime": "text/x-markdown",
									"attributes": [],
									"dataFileName": "Packaging Python Projects.mkd"
								}
							]
						},
						{
							"isClone": false,
							"noteId": "eXyWjWDzpkgi",
							"notePath": [
								"dZ78T3bBUqM7",
								"X7EkPHPCVRU9",
								"eXyWjWDzpkgi"
							],
							"title": "Bash",
							"notePosition": 10,
							"prefix": "",
							"isExpanded": false,
							"type": "code",
							"mime": "text/x-markdown",
							"attributes": [],
							"dataFileName": "Bash.mkd"
						},
						{
							"isClone": false,
							"noteId": "dTSoAaPyJeLd",
							"notePath": [
								"dZ78T3bBUqM7",
								"X7EkPHPCVRU9",
								"dTSoAaPyJeLd"
							],
							"title": "Java",
							"notePosition": 20,
							"prefix": "",
							"isExpanded": false,
							"type": "code",
							"mime": "text/x-markdown",
							"attributes": [],
							"dataFileName": "Java.mkd"
						}
					]
				}
			]
		}
	]
}